Account Number,Gross Outstanding,Gender,Age,Salaried,Date of Disbursement,Date of Default,Date of Provision,Provision Amount
GB00010283,2609860,Female,43,Non Salaried,18-08-2010,23-02-2015,24-05-2015,1565916
GB00010439,9720,Male,42,Non Salaried,24-02-2008,23-02-2011,24-05-2011,5832
GB00010499,12690,Female,38,Salaried,23-04-2010,18-02-2013,19-05-2013,7614
GB00010714,32150,Male,43,Non Salaried,20-01-2007,11-07-2012,09-10-2012,19290
GB00010792,12305250,Female,44,Salaried,30-01-2008,03-07-2010,01-10-2010,7383150
GB00010889,35090,Female,39,Non Salaried,05-07-2012,03-05-2013,01-08-2013,21054
GB00011071,68410,Female,54,Non Salaried,01-11-2007,27-11-2013,25-02-2014,41046
GB00011103,2967110,Female,48,Salaried,05-08-2003,03-05-2013,01-08-2013,1780266
GB00011283,98860,Female,47,Salaried,29-09-2013,01-03-2016,30-05-2016,59316
GB00011343,39190,Female,50,Salaried,14-08-2005,21-11-2020,19-02-2021,23514
GB00011551,3354950,Female,38,Salaried,25-12-2009,05-11-2012,03-02-2013,2012970
GB00011553,64220,Female,41,Salaried,07-08-2011,23-03-2016,21-06-2016,38532
GB00011697,4272390,Male,46,Salaried,18-02-2003,29-09-2018,28-12-2018,2563434
GB00011709,67640,Male,52,Non Salaried,16-07-2009,22-04-2018,21-07-2018,40584
GB00011778,44390,Male,44,Non Salaried,12-06-2007,13-11-2019,11-02-2020,26634
GB00011940,7466460,Female,35,Non Salaried,07-12-2016,29-09-2019,28-12-2019,4479876
GB00011961,45750,Male,38,Non Salaried,25-12-2008,10-05-2012,08-08-2012,27450
GB00012034,88590,Female,46,Non Salaried,25-09-2001,11-10-2011,09-01-2012,53154
GB00012077,740,Male,43,Salaried,06-07-2006,26-02-2009,27-05-2009,444
GB00012146,713900,Male,33,Non Salaried,23-08-2015,25-06-2018,23-09-2018,428340
GB00012573,1983300,Female,47,Non Salaried,02-07-2000,23-01-2021,23-04-2021,1189980
GB00012599,46520,Female,38,Salaried,27-04-2013,26-08-2018,24-11-2018,27912
GB00012727,3918090,Female,46,Salaried,16-03-2002,13-12-2015,12-03-2016,2350854
GB00012782,151750,Female,48,Non Salaried,09-10-2000,24-01-2006,24-04-2006,91050
GB00012864,3594460,Female,50,Non Salaried,25-11-2006,18-10-2020,16-01-2021,2156676
GB00012903,1143780,Male,50,Salaried,23-04-2002,07-06-2010,05-09-2010,686268
GB00012930,1066970,Male,41,Non Salaried,18-10-2014,29-09-2016,28-12-2016,640182
GB00012953,73970,Male,49,Salaried,21-09-2013,30-04-2018,29-07-2018,44382
GB00013018,5454380,Female,53,Salaried,03-05-2003,22-06-2019,20-09-2019,3272628
GB00013056,4908890,Female,43,Salaried,17-02-2009,02-03-2012,31-05-2012,2945334
GB00013157,2226660,Female,37,Salaried,19-03-2011,26-06-2013,24-09-2013,1335996
GB00013207,410040,Male,38,Salaried,28-01-2008,08-03-2013,06-06-2013,246024
GB00013505,462760,Male,53,Non Salaried,29-08-2000,08-12-2011,07-03-2012,277656
GB00013555,1797590,Female,44,Salaried,28-09-2015,30-11-2017,28-02-2018,1078554
GB00013599,74330,Male,41,Salaried,19-06-2009,20-11-2012,18-02-2013,44598
GB00013797,4618900,Female,35,Salaried,15-04-2012,16-10-2015,14-01-2016,2771340
GB00013838,647450,Female,39,Non Salaried,10-09-2010,01-03-2015,30-05-2015,388470
GB00013840,29130,Male,45,Salaried,29-09-2001,24-09-2013,23-12-2013,17478
GB00013914,80980,Male,44,Non Salaried,15-07-2007,07-03-2010,05-06-2010,48588
GB00013920,3150,Female,44,Non Salaried,08-05-2016,06-11-2018,04-02-2019,1890
GB00014111,89420,Male,35,Non Salaried,12-02-2017,28-05-2018,26-08-2018,53652
GB00014150,33150,Female,40,Non Salaried,20-06-2017,16-02-2020,16-05-2020,19890
GB00014162,3774460,Female,53,Salaried,25-04-2017,12-11-2018,10-02-2019,2264676
GB00014223,13030,Male,25,Salaried,10-09-2008,18-05-2014,16-08-2014,7818
GB00014310,1638030,Male,35,Salaried,21-03-2011,06-06-2015,04-09-2015,982818
GB00014394,2253940,Male,37,Salaried,29-05-2016,17-06-2017,15-09-2017,1352364
GB00014447,3721320,Female,36,Salaried,14-04-2014,19-05-2018,17-08-2018,2232792
GB00014462,19160,Male,39,Salaried,13-03-2013,13-03-2020,11-06-2020,11496
GB00014476,1739790,Male,28,Non Salaried,07-04-2009,25-06-2016,23-09-2016,1043874
GB00014551,5317900,Male,33,Non Salaried,31-12-2007,21-04-2012,20-07-2012,3190740
GB00014649,2407270,Male,27,Salaried,19-04-2009,23-06-2009,21-09-2009,1444362
GB00014731,8723870,Female,44,Salaried,12-03-2000,19-12-2014,19-03-2015,5234322
GB00014913,86840,Female,50,Salaried,23-04-2021,21-03-2004,19-06-2004,52104
GB00015138,12120,Female,35,Non Salaried,13-12-2016,20-08-2019,18-11-2019,7272
GB00015192,254710,Female,43,Non Salaried,04-10-2002,23-09-2020,22-12-2020,152826
GB00015291,2151660,Male,26,Salaried,28-11-2001,06-03-2008,04-06-2008,1290996
GB00015292,63600,Male,41,Salaried,03-09-2014,24-07-2008,22-10-2008,38160
GB00015645,1617830,Male,42,Non Salaried,26-10-2011,12-09-2018,11-12-2018,970698
GB00015648,526050,Female,51,Non Salaried,11-06-2004,02-04-2016,01-07-2016,315630
GB00015746,19770,Female,27,Salaried,01-09-2020,01-07-2006,29-09-2006,11862
GB00016125,41000,Male,25,Salaried,27-03-2012,02-07-2001,30-09-2001,24600
GB00016135,39849540,Male,33,Salaried,20-11-2005,25-04-2018,24-07-2018,23909724
GB00016231,4070,Male,31,Salaried,06-01-2003,11-02-2013,12-05-2013,2442
GB00016378,50890,Female,36,Salaried,27-11-2013,28-08-2004,26-11-2004,30534
GB00016449,8390,Female,50,Salaried,28-12-2014,09-06-2017,07-09-2017,5034
GB00016509,43400,Female,43,Non Salaried,11-03-2004,05-02-2019,06-05-2019,26040
GB00016840,1764990,Female,51,Non Salaried,16-01-2001,21-12-2007,20-03-2008,1058994
GB00016946,12560,Male,32,Salaried,11-10-2014,20-05-2016,18-08-2016,7536
GB00017274,9012800,Male,45,Non Salaried,20-08-2012,27-06-2017,25-09-2017,5407680
GB00017347,6685330,Female,40,Salaried,09-01-2007,17-05-2013,15-08-2013,4011198
GB00017401,1122350,Male,50,Non Salaried,25-02-2014,27-02-2021,28-05-2021,673410
GB00017751,1259690,Male,46,Non Salaried,24-06-2007,30-05-2019,28-08-2019,755814
GB00017773,7629660,Female,49,Salaried,06-06-2006,03-07-2011,01-10-2011,4577796
GB00017833,23160,Female,35,Salaried,21-07-2010,26-04-2014,25-07-2014,13896
GB00018037,5092610,Female,28,Salaried,05-01-2020,05-06-2021,03-09-2021,3055566
GB00018305,8380920,Male,29,Non Salaried,25-04-2009,22-10-2012,20-01-2013,5028552
GB00018338,43720,Female,45,Non Salaried,10-05-2006,21-03-2010,19-06-2010,26232
GB00018363,38220,Male,25,Non Salaried,07-10-2011,23-02-2016,23-05-2016,22932
GB00018739,17480,Female,29,Salaried,01-09-2007,16-09-2015,15-12-2015,10488
GB00018834,14760,Male,51,Salaried,17-12-2010,26-02-2014,27-05-2014,8856
GB00018859,56680,Male,31,Salaried,09-08-2000,23-08-2015,21-11-2015,34008
GB00019036,42180,Male,53,Salaried,29-08-2009,19-07-2014,17-10-2014,25308
GB00019363,8521430,Male,38,Salaried,29-12-2012,03-08-2014,01-11-2014,5112858
GB00019647,25720,Male,42,Non Salaried,22-02-2018,21-08-2021,19-11-2021,15432
GB00019894,862780,Female,47,Non Salaried,12-12-2014,28-12-2015,27-03-2016,517668
GB00019916,14090,Male,42,Non Salaried,18-09-2012,01-11-2016,30-01-2017,8454
GB00020289,19080,Female,31,Salaried,19-03-2009,16-05-2019,14-08-2019,11448
GB00020361,11310,Female,51,Salaried,18-03-2000,09-03-2011,07-06-2011,6786
GB00020481,2041440,Female,40,Salaried,12-07-2009,17-11-2015,15-02-2016,1224864
GB00020610,9230,Male,47,Salaried,16-06-2009,29-12-2011,28-03-2012,5538
GB00020661,2765720,Female,50,Salaried,16-02-2007,03-12-2011,02-03-2012,1659432
GB00020678,1482620,Male,41,Salaried,18-09-2007,28-10-2010,26-01-2011,889572
GB00020794,6056080,Female,48,Non Salaried,24-06-2007,25-03-2012,23-06-2012,3633648
GB00020844,3354430,Male,33,Non Salaried,31-03-2015,16-09-2018,15-12-2018,2012658
GB00020976,6960480,Female,48,Salaried,05-07-2004,18-06-2017,16-09-2017,4176288
GB00021033,7240,Male,44,Non Salaried,05-02-2007,16-03-2008,14-06-2008,4344
GB00021217,18830,Female,30,Salaried,03-05-2019,11-03-2021,09-06-2021,11298
GB00021391,14850,Female,51,Salaried,14-07-2012,12-04-2017,11-07-2017,8910
GB00021489,15426410,Female,30,Salaried,20-05-2007,27-10-2015,25-01-2016,9255846
GB00021618,31011430,Female,40,Non Salaried,16-07-2003,14-11-2013,12-02-2014,18606858
GB00021663,38220,Female,43,Salaried,14-06-2005,06-11-2009,04-02-2010,22932
GB00021670,3169900,Male,47,Salaried,11-09-2014,06-03-2017,04-06-2017,1901940
GB00021673,13120,Female,52,Salaried,20-09-2006,04-10-2015,02-01-2016,7872
GB00021697,28732140,Male,42,Salaried,03-01-2019,14-08-2021,12-11-2021,17239284
GB00021743,46959710,Female,29,Salaried,06-06-2018,11-02-2020,11-05-2020,28175826
GB00021807,67940,Male,43,Salaried,15-01-2006,25-07-2020,23-10-2020,40764
GB00021814,53240,Female,53,Salaried,02-07-2001,21-10-2010,19-01-2011,31944
GB00021917,74760,Female,47,Salaried,02-01-2007,25-07-2008,23-10-2008,44856
GB00021980,9310,Male,49,Non Salaried,10-09-2014,05-02-2017,06-05-2017,5586
GB00022323,9327110,Male,45,Salaried,07-02-2001,24-10-2017,22-01-2018,5596266
GB00022670,2438720,Female,39,Non Salaried,14-10-2008,06-07-2010,04-10-2010,1463232
GB00022695,4686750,Male,49,Non Salaried,30-01-2018,28-12-2020,28-03-2021,2812050
GB00022762,3825420,Female,47,Salaried,02-12-2004,04-02-2015,05-05-2015,2295252
GB00022784,2461380,Male,46,Non Salaried,27-07-2003,26-11-2011,24-02-2012,1476828
GB00022800,12690,Male,25,Salaried,07-02-2010,08-12-2012,08-03-2013,7614
GB00022839,6953940,Male,45,Salaried,04-12-2000,04-08-2016,02-11-2016,4172364
GB00022926,5970,Female,47,Non Salaried,11-06-2001,24-12-2002,24-03-2003,3582
GB00023142,3004130,Female,26,Salaried,11-01-2020,23-07-2021,21-10-2021,1802478
GB00023178,45760,Male,40,Non Salaried,16-10-2009,24-02-2016,24-05-2016,27456
GB00023490,1841080,Female,43,Non Salaried,28-08-2004,10-11-2010,08-02-2011,1104648
GB00023545,14110,Male,37,Salaried,09-11-2018,29-01-2020,28-04-2020,8466
GB00023617,7796910,Male,54,Non Salaried,30-01-2008,08-10-2014,06-01-2015,4678146
GB00023651,1524760,Male,29,Non Salaried,23-07-2017,27-10-2020,25-01-2021,914856
GB00023809,6044710,Female,55,Salaried,09-02-2007,28-04-2012,27-07-2012,3626826
GB00023889,17040,Male,43,Salaried,12-10-2008,24-01-2010,24-04-2010,10224
GB00024185,7422210,Male,48,Salaried,24-01-2014,30-04-2017,29-07-2017,4453326
GB00024209,77440,Female,39,Salaried,21-11-2008,13-04-2016,12-07-2016,46464
GB00024336,87830,Female,43,Non Salaried,31-12-2010,05-03-2012,03-06-2012,52698
GB00024350,15550950,Male,55,Salaried,08-11-2009,20-12-2012,20-03-2013,9330570
GB00024426,25700,Female,30,Non Salaried,23-01-2009,03-08-2016,01-11-2016,15420
GB00024480,8368050,Female,51,Salaried,24-06-2014,15-10-2016,13-01-2017,5020830
GB00024607,38230,Male,35,Salaried,13-09-2019,26-05-2021,24-08-2021,22938
GB00024628,80810,Female,35,Salaried,07-04-2012,12-08-2017,10-11-2017,48486
GB00024651,20920,Female,42,Salaried,19-05-2014,16-04-2016,15-07-2016,12552
GB00024726,17550,Male,40,Salaried,02-12-2007,22-06-2019,20-09-2019,10530
GB00024793,57450,Female,53,Salaried,10-06-2013,06-10-2016,04-01-2017,34470
GB00024831,2448890,Male,49,Salaried,24-12-2002,24-06-2016,22-09-2016,1469334
GB00024924,24930,Male,43,Non Salaried,05-12-2006,18-09-2009,17-12-2009,14958
GB00024998,84740,Female,41,Salaried,19-10-2008,06-07-2012,04-10-2012,50844
GB00025062,304180,Male,43,Non Salaried,21-03-2011,27-12-2012,27-03-2013,182508
GB00025198,29260,Male,38,Non Salaried,13-06-2011,28-07-2015,26-10-2015,17556
GB00025213,2080,Male,25,Salaried,24-03-2020,30-07-2021,28-10-2021,1248
GB00025238,14220,Male,41,Salaried,07-07-2006,26-06-2015,24-09-2015,8532
GB00025437,23200,Female,47,Non Salaried,05-01-2016,01-01-2018,01-04-2018,13920
GB00025452,1160,Male,39,Salaried,09-10-2010,21-10-2018,19-01-2019,696
GB00025588,14160,Female,46,Non Salaried,23-07-2002,25-02-2013,26-05-2013,8496
GB00025593,4372830,Male,46,Salaried,15-08-2002,28-04-2007,27-07-2007,2623698
GB00025750,56720,Female,38,Salaried,27-01-2009,20-07-2012,18-10-2012,34032
GB00026009,96750,Male,31,Salaried,15-01-2019,31-05-2021,29-08-2021,58050
GB00026017,37810,Male,41,Salaried,26-08-2008,17-07-2014,15-10-2014,22686
GB00026186,3803330,Female,47,Non Salaried,28-11-2019,17-04-2021,16-07-2021,2281998
GB00026334,40380,Female,32,Non Salaried,21-03-2015,05-02-2020,05-05-2020,24228
GB00026343,9248880,Male,33,Non Salaried,29-02-2016,22-07-2020,20-10-2020,5549328
GB00026376,2953990,Male,42,Non Salaried,01-12-2007,24-01-2017,24-04-2017,1772394
GB00026556,4791990,Female,45,Salaried,20-08-2004,01-08-2013,30-10-2013,2875194
GB00026588,34300,Male,50,Salaried,08-08-2006,10-08-2016,08-11-2016,20580
GB00026591,71310,Female,45,Non Salaried,09-05-2003,10-12-2011,09-03-2012,42786
GB00026959,79280,Male,49,Non Salaried,28-11-2014,09-10-2018,07-01-2019,47568
GB00027066,25010,Male,41,Non Salaried,05-10-2006,07-03-2019,05-06-2019,15006
GB00027147,13500,Male,36,Salaried,12-02-2017,02-07-2020,30-09-2020,8100
GB00027455,6149510,Male,37,Salaried,05-09-2010,04-11-2018,02-02-2019,3689706
GB00027461,28750,Female,35,Non Salaried,29-07-2013,11-06-2015,09-09-2015,17250
GB00027523,4279850,Male,47,Salaried,17-04-2010,03-07-2018,01-10-2018,2567910
GB00027536,93130,Female,46,Salaried,06-08-2004,10-01-2017,10-04-2017,55878
GB00027748,8928960,Female,43,Salaried,18-03-2011,07-04-2019,06-07-2019,5357376
GB00027855,1890610,Female,54,Salaried,23-11-2010,07-12-2012,07-03-2013,1134366
GB00028059,55300,Male,46,Non Salaried,16-06-2002,05-06-2014,03-09-2014,33180
GB00028102,12940,Male,39,Non Salaried,18-04-2013,21-01-2017,21-04-2017,7764
GB00028389,92160,Female,48,Non Salaried,26-07-2008,05-10-2015,03-01-2016,55296
GB00028523,16300,Male,29,Salaried,09-01-2019,19-07-2021,17-10-2021,9780
GB00028537,4308030,Male,48,Salaried,19-10-2006,12-04-2014,11-07-2014,2584818
GB00028552,850,Female,29,Non Salaried,15-07-2017,10-01-2019,10-04-2019,510
GB00028592,89960,Female,51,Non Salaried,15-10-2010,25-04-2021,24-07-2021,53976
GB00028659,26386530,Female,53,Salaried,04-06-2006,19-10-2015,17-01-2016,15831918
GB00028734,31090,Female,40,Non Salaried,20-06-2011,18-02-2014,19-05-2014,18654
GB00028738,154810,Female,58,Salaried,15-03-2005,20-03-2017,18-06-2017,92886
GB00028744,49720,Female,52,Salaried,19-02-2016,25-09-2018,24-12-2018,29832
GB00028770,1080,Female,53,Salaried,14-01-2017,25-09-2020,24-12-2020,648
GB00028804,14530,Male,50,Salaried,15-11-2005,10-10-2013,08-01-2014,8718
GB00028866,11490,Female,39,Salaried,12-02-2013,29-11-2018,27-02-2019,6894
GB00028872,4087560,Female,36,Salaried,25-07-2019,09-09-2021,08-12-2021,2452536
GB00028938,25050,Female,46,Salaried,03-04-2001,01-11-2013,30-01-2014,15030
GB00029013,45830,Male,52,Non Salaried,07-03-2005,08-12-2008,08-03-2009,27498
GB00029067,16370,Male,48,Non Salaried,14-04-2001,11-12-2009,11-03-2010,9822
GB00029124,19510,Male,41,Non Salaried,28-02-2007,05-11-2012,03-02-2013,11706
GB00029194,89530,Female,43,Non Salaried,30-06-2005,04-12-2011,03-03-2012,53718
GB00029344,9388540,Male,48,Salaried,13-01-2002,22-12-2006,22-03-2007,5633124
GB00029411,3910020,Female,39,Non Salaried,26-11-2010,13-12-2014,13-03-2015,2346012
GB00029719,34720790,Female,50,Non Salaried,26-11-2015,28-02-2018,29-05-2018,20832474
GB00029922,26910,Female,48,Salaried,12-11-2001,04-03-2014,02-06-2014,16146
GB00029943,61410,Male,47,Non Salaried,21-09-2013,16-03-2017,14-06-2017,36846
GB00029994,10220,Female,46,Non Salaried,10-06-2016,29-11-2017,27-02-2018,6132
GB00030287,25370,Female,41,Salaried,22-11-2014,16-12-2020,16-03-2021,15222
GB00030325,14090,Female,47,Salaried,22-09-2002,15-07-2006,13-10-2006,8454
GB00030761,2376470,Female,29,Salaried,14-11-2018,14-05-2021,12-08-2021,1425882
GB00030844,11510,Male,48,Non Salaried,17-08-2018,13-12-2020,13-03-2021,6906
GB00030991,20910,Female,26,Non Salaried,05-05-2014,22-07-2020,20-10-2020,12546
GB00031140,46330,Female,46,Salaried,06-12-2002,10-03-2019,08-06-2019,27798
GB00031419,4780,Male,52,Non Salaried,30-12-2018,21-09-2021,20-12-2021,2868
GB00031533,84490,Female,30,Salaried,25-04-2017,01-06-2021,30-08-2021,50694
GB00031648,33120,Male,54,Non Salaried,16-10-2007,07-08-2020,05-11-2020,19872
GB00032017,82790,Male,47,Non Salaried,03-08-2013,30-09-2015,29-12-2015,49674
GB00032060,8471580,Female,46,Salaried,04-11-2004,16-10-2016,14-01-2017,5082948
GB00032430,2527820,Female,45,Non Salaried,27-12-2010,24-07-2012,22-10-2012,1516692
GB00032532,27308340,Female,49,Salaried,31-03-2003,06-11-2014,04-02-2015,16385004
GB00032573,5020720,Female,32,Non Salaried,27-01-2012,24-12-2019,23-03-2020,3012432
GB00032591,6117670,Male,37,Salaried,01-07-2014,18-03-2019,16-06-2019,3670602
GB00032847,1906890,Female,45,Non Salaried,22-11-2012,31-01-2020,30-04-2020,1144134
GB00032874,16450,Female,41,Non Salaried,20-02-2008,02-09-2016,01-12-2016,9870
GB00032919,24180,Female,30,Non Salaried,19-03-2020,14-02-2021,15-05-2021,14508
GB00032961,10010,Female,44,Salaried,26-10-2015,30-09-2020,29-12-2020,6006
GB00033005,18280,Male,50,Salaried,11-05-2001,15-10-2004,13-01-2005,10968
GB00033040,16020,Male,48,Non Salaried,04-05-2002,09-07-2007,07-10-2007,9612
GB00033150,13020,Male,38,Salaried,26-04-2014,22-06-2018,20-09-2018,7812
GB00033276,59270,Male,44,Salaried,09-05-2005,07-10-2020,05-01-2021,35562
GB00033307,899900,Female,42,Salaried,14-03-2007,18-05-2009,16-08-2009,539940
GB00033597,188730,Male,41,Salaried,01-07-2009,10-02-2013,11-05-2013,113238
GB00033730,413650,Male,49,Salaried,13-04-2004,22-10-2016,20-01-2017,248190
GB00033913,8656910,Male,54,Salaried,14-10-2007,02-02-2009,03-05-2009,5194146
GB00034150,24030,Male,50,Salaried,07-07-2003,12-09-2013,11-12-2013,14418
GB00034227,1280,Male,50,Non Salaried,06-12-2010,31-05-2014,29-08-2014,768
GB00034288,5482470,Male,57,Non Salaried,26-10-2004,29-04-2017,28-07-2017,3289482
GB00034565,30890,Male,29,Salaried,14-09-2018,16-10-2020,14-01-2021,18534
GB00034717,97380,Male,54,Salaried,06-01-2002,11-11-2014,09-02-2015,58428
GB00034874,13770300,Male,43,Non Salaried,25-06-2004,10-01-2007,10-04-2007,8262180
GB00035000,3239510,Female,54,Non Salaried,18-04-2016,15-02-2019,16-05-2019,1943706
GB00035056,23032370,Male,47,Salaried,30-01-2003,02-02-2019,03-05-2019,13819422
GB00035061,3109370,Female,51,Salaried,04-05-2010,27-06-2019,25-09-2019,1865622
GB00035099,1778210,Male,49,Non Salaried,07-09-2005,17-07-2013,15-10-2013,1066926
GB00035173,88520,Male,45,Non Salaried,22-08-2008,13-01-2021,13-04-2021,53112
GB00035352,11050,Female,50,Non Salaried,11-09-2017,17-04-2020,16-07-2020,6630
GB00035519,749380,Female,46,Salaried,18-04-2004,07-08-2018,05-11-2018,449628
GB00035534,45820,Male,52,Salaried,31-08-2007,26-05-2021,24-08-2021,27492
GB00035594,49830,Female,54,Non Salaried,28-03-2009,18-06-2018,16-09-2018,29898
GB00035598,20010,Male,44,Salaried,04-12-2017,02-12-2020,02-03-2021,12006
GB00035670,748230,Male,45,Non Salaried,30-12-2018,20-07-2021,18-10-2021,448938
GB00035681,15770,Female,48,Salaried,07-10-2017,07-06-2021,05-09-2021,9462
GB00035722,72310,Female,26,Salaried,01-03-2007,30-04-2019,29-07-2019,43386
GB00035891,30260,Male,48,Non Salaried,14-05-2008,11-10-2010,09-01-2011,18156
GB00035984,86300,Male,46,Salaried,13-04-2010,09-04-2015,08-07-2015,51780
GB00036052,2880170,Male,48,Salaried,25-01-2018,15-08-2019,13-11-2019,1728102
GB00036129,1149330,Female,45,Salaried,16-01-2013,13-08-2020,11-11-2020,689598
GB00036404,15380,Female,27,Salaried,31-12-2019,04-06-2021,02-09-2021,9228
GB00036548,49320,Male,54,Non Salaried,03-06-2009,25-10-2016,23-01-2017,29592
GB00036675,77800,Female,55,Salaried,26-02-2004,18-05-2012,16-08-2012,46680
GB00036796,8300,Female,35,Non Salaried,09-10-2016,21-12-2020,21-03-2021,4980
GB00037072,90330,Female,37,Non Salaried,17-05-2018,23-05-2020,21-08-2020,54198
GB00037147,4220,Male,37,Salaried,10-10-2013,06-07-2016,04-10-2016,2532
GB00037222,5243230,Female,36,Salaried,27-05-2020,27-02-2018,28-05-2018,3145938
GB00037294,90860,Female,34,Salaried,10-02-2018,11-06-2021,09-09-2021,54516
GB00037607,6556530,Female,52,Non Salaried,18-05-2009,10-03-2014,08-06-2014,3933918
GB00038582,99610,Male,41,Non Salaried,22-11-2009,03-01-2012,02-04-2012,59766
GB00038663,12450,Female,40,Salaried,04-03-2006,29-06-2011,27-09-2011,7470
GB00038851,81110,Female,38,Salaried,31-05-2010,11-02-2017,12-05-2017,48666
GB00038949,68440,Female,43,Salaried,18-04-2018,06-05-2020,04-08-2020,41064
GB00038981,85210,Male,37,Non Salaried,06-04-2011,10-10-2012,08-01-2013,51126
GB00039307,83680,Male,39,Salaried,12-11-2012,19-09-2014,18-12-2014,50208
GB00039503,41430,Male,49,Salaried,19-03-2005,25-04-2019,24-07-2019,24858
GB00039591,93500,Male,47,Non Salaried,30-01-2007,04-11-2007,02-02-2008,56100
GB00039818,42790,Male,51,Non Salaried,01-12-2000,17-02-2010,18-05-2010,25674
GB00039866,4379120,Female,49,Non Salaried,24-06-2003,20-05-2017,18-08-2017,2627472
GB00039879,60730,Female,28,Non Salaried,14-03-2019,29-01-2020,28-04-2020,36438
GB00039990,35010,Male,48,Non Salaried,14-08-2013,26-07-2014,24-10-2014,21006
GB00040055,38220,Female,37,Salaried,14-11-2009,04-02-2017,05-05-2017,22932
GB00040148,54560,Male,39,Non Salaried,02-05-2015,17-05-2017,15-08-2017,32736
GB00040159,33491520,Male,54,Salaried,17-06-2005,14-10-2007,12-01-2008,20094912
GB00040420,79350,Female,28,Non Salaried,19-07-2019,08-10-2020,06-01-2021,47610
GB00040466,7980180,Male,39,Salaried,15-12-2008,17-02-2016,17-05-2016,4788108
GB00040641,78300,Female,48,Non Salaried,13-07-2005,22-06-2013,20-09-2013,46980
GB00040718,46830,Male,50,Salaried,10-12-2008,27-06-2013,25-09-2013,28098
GB00040776,19610,Female,47,Non Salaried,25-10-2003,29-04-2011,28-07-2011,11766
GB00040794,2694730,Female,45,Non Salaried,06-10-2004,14-10-2005,12-01-2006,1616838
GB00040860,7409860,Male,49,Non Salaried,06-11-2002,03-07-2005,01-10-2005,4445916
GB00040890,6941770,Male,42,Non Salaried,27-01-2008,06-08-2010,04-11-2010,4165062
GB00041079,305160,Female,47,Salaried,16-12-2017,20-08-2020,18-11-2020,183096
GB00041154,4886280,Female,36,Non Salaried,25-04-2015,28-06-2019,26-09-2019,2931768
GB00041245,96880,Male,35,Non Salaried,08-03-2014,20-03-2016,18-06-2016,58128
GB00041349,282250,Male,54,Salaried,07-05-2017,17-01-2020,16-04-2020,169350
GB00041687,15700,Male,50,Salaried,03-11-2011,29-06-2017,27-09-2017,9420
GB00041745,3851140,Female,49,Non Salaried,05-01-2004,20-06-2014,18-09-2014,2310684
GB00041870,16560,Male,41,Non Salaried,23-10-2017,30-12-2018,30-03-2019,9936
GB00041921,1695060,Female,47,Non Salaried,09-02-2005,17-03-2019,15-06-2019,1017036
GB00042026,36540,Female,29,Non Salaried,21-01-2019,20-03-2021,18-06-2021,21924
GB00042167,11930,Male,52,Salaried,25-08-2015,11-01-2016,10-04-2016,7158
GB00042174,3410250,Female,53,Salaried,23-10-2013,16-04-2017,15-07-2017,2046150
GB00042427,31900,Male,37,Salaried,11-03-2017,25-01-2019,25-04-2019,19140
GB00042529,58090,Male,36,Non Salaried,10-01-2015,26-12-2019,25-03-2020,34854
GB00042604,49560,Female,44,Non Salaried,11-02-2005,15-12-2011,14-03-2012,29736
GB00042716,880,Female,57,Non Salaried,11-02-2010,15-06-2021,13-09-2021,528
GB00042794,92010,Male,38,Salaried,13-06-2012,25-06-2017,23-09-2017,55206
GB00042886,45220,Male,51,Salaried,15-04-2005,08-01-2019,08-04-2019,27132
GB00042983,97990,Female,41,Non Salaried,28-11-2013,04-07-2017,02-10-2017,58794
GB00043682,3964580,Female,54,Non Salaried,07-01-2017,17-01-2018,17-04-2018,2378748
GB00043713,38530,Male,46,Non Salaried,20-06-2012,17-03-2021,15-06-2021,23118
GB00043774,8163210,Male,41,Non Salaried,15-02-2015,02-12-2015,01-03-2016,4897926
GB00043896,9641950,Female,45,Non Salaried,26-03-2019,24-10-2020,22-01-2021,5785170
GB00043931,3560,Female,52,Non Salaried,13-02-2004,28-10-2005,26-01-2006,2136
GB00043958,39440,Female,48,Non Salaried,21-01-2002,09-01-2004,08-04-2004,23664
GB00043972,51960,Female,43,Salaried,01-02-2007,30-05-2010,28-08-2010,31176
GB00043979,1098960,Male,39,Non Salaried,05-11-2009,17-11-2014,15-02-2015,659376
GB00044110,13380,Female,45,Non Salaried,25-04-2008,30-12-2015,29-03-2016,8028
GB00044211,9150,Male,44,Salaried,10-04-2005,01-10-2012,30-12-2012,5490
GB00044216,18360,Male,38,Salaried,04-05-2008,23-06-2011,21-09-2011,11016
GB00044595,2729510,Female,35,Non Salaried,03-12-2014,01-08-2016,30-10-2016,1637706
GB00044895,5935310,Female,42,Non Salaried,17-11-2001,13-09-2020,12-12-2020,3561186
GB00045069,926430,Male,42,Non Salaried,05-10-2007,19-04-2009,18-07-2009,555858
GB00045120,7939420,Female,38,Salaried,17-02-2012,19-09-2013,18-12-2013,4763652
GB00045123,25540,Female,32,Salaried,25-06-2008,09-02-2021,10-05-2021,15324
GB00045206,4884020,Female,45,Salaried,09-10-2002,11-01-2011,11-04-2011,2930412
GB00045265,4283170,Male,46,Salaried,07-09-2020,21-04-2006,20-07-2006,2569902
GB00045311,64830,Female,45,Salaried,31-12-2014,26-03-2020,24-06-2020,38898
GB00045313,2378100,Male,50,Salaried,30-08-2001,20-12-2016,20-03-2017,1426860
GB00045341,7570,Male,51,Salaried,28-08-2008,26-01-2008,25-04-2008,4542
GB00045518,3307340,Male,42,Non Salaried,20-08-2009,15-04-2011,14-07-2011,1984404
GB00045546,9725110,Female,26,Salaried,21-01-2020,23-07-2021,21-10-2021,5835066
GB00045558,27730,Male,50,Salaried,28-02-2016,20-05-2021,18-08-2021,16638
GB00045678,40050,Male,53,Non Salaried,02-12-2017,14-12-2018,14-03-2019,24030
GB00045725,8140,Female,39,Non Salaried,28-06-2012,05-03-2016,03-06-2016,4884
GB00045802,88860,Female,45,Non Salaried,09-04-2016,08-05-2020,06-08-2020,53316
GB00046069,33170,Male,52,Non Salaried,11-10-2011,28-07-2012,26-10-2012,19902
GB00046270,3087910,Female,34,Salaried,14-11-2014,09-07-2021,07-10-2021,1852746
GB00046393,24462560,Female,52,Salaried,15-01-2004,12-07-2018,10-10-2018,14677536
GB00046481,18320,Male,40,Non Salaried,25-01-2008,22-06-2010,20-09-2010,10992
GB00046545,347740,Male,43,Non Salaried,06-02-2013,29-04-2015,28-07-2015,208644
GB00046550,32110,Male,35,Non Salaried,16-01-2014,08-10-2018,06-01-2019,19266
GB00046559,49040,Female,44,Non Salaried,11-04-2016,03-08-2019,01-11-2019,29424
GB00046749,22660,Male,49,Non Salaried,28-03-2018,02-11-2019,31-01-2020,13596
GB00046821,33424870,Female,41,Non Salaried,12-07-2014,11-04-2021,10-07-2021,20054922
GB00046887,65380,Female,56,Salaried,21-10-2003,13-11-2006,11-02-2007,39228
GB00047130,72330,Female,45,Salaried,10-10-2005,11-08-2010,09-11-2010,43398
GB00047226,3182470,Female,33,Salaried,03-01-2009,11-02-2016,11-05-2016,1909482
GB00047582,24500,Male,45,Non Salaried,08-04-2004,27-07-2010,25-10-2010,14700
GB00048364,8890610,Male,34,Non Salaried,17-10-2009,09-10-2016,07-01-2017,5334366
GB00048366,43890,Female,29,Salaried,03-08-2017,13-10-2019,11-01-2020,26334
GB00048420,8929100,Male,36,Salaried,18-07-2015,31-08-2020,29-11-2020,5357460
GB00048551,12100,Male,40,Non Salaried,22-06-2007,03-01-2018,03-04-2018,7260
GB00048714,41100,Female,47,Salaried,19-01-2005,29-10-2011,27-01-2012,24660
GB00048920,1855820,Male,43,Non Salaried,06-06-2009,13-07-2016,11-10-2016,1113492
GB00049125,25410,Male,35,Non Salaried,11-09-2012,20-07-2017,18-10-2017,15246
GB00049158,1478670,Female,54,Salaried,15-08-2001,14-12-2017,14-03-2018,887202
GB00049184,63970,Male,39,Non Salaried,19-09-2010,02-01-2004,01-04-2004,38382
GB00049375,28384480,Female,54,Non Salaried,08-12-2009,25-06-2015,23-09-2015,17030688
GB00049701,3196470,Male,35,Non Salaried,15-07-2015,29-09-2011,28-12-2011,1917882
GB00049764,18540,Male,45,Non Salaried,06-04-2006,14-04-2021,13-07-2021,11124
GB00049820,623020,Female,40,Non Salaried,11-11-2019,09-06-2021,07-09-2021,373812
GB00050080,32150,Male,48,Non Salaried,15-01-2005,02-08-2021,31-10-2021,19290
GB00050123,1400,Male,32,Salaried,29-12-2018,17-08-2020,15-11-2020,840
GB00050765,34280,Male,51,Non Salaried,07-11-2015,15-08-2021,13-11-2021,20568
GB00051179,8670350,Female,39,Salaried,22-09-2009,03-08-2016,01-11-2016,5202210
GB00051526,45564460,Male,33,Salaried,20-02-2016,18-05-2019,16-08-2019,27338676
GB00051748,99080,Male,37,Salaried,31-03-2013,30-05-2021,28-08-2021,59448
GB00051877,5817070,Female,50,Salaried,11-04-2002,25-11-2019,23-02-2020,3490242
GB00052073,8760460,Male,43,Salaried,29-02-2008,31-03-2004,29-06-2004,5256276
GB00052184,383060,Male,36,Salaried,14-02-2003,19-04-2010,18-07-2010,229836
GB00052310,571010,Female,55,Salaried,03-09-2003,30-12-2015,29-03-2016,342606
GB00052468,2630,Female,39,Non Salaried,24-06-2009,03-02-2021,04-05-2021,1578
GB00052526,8611880,Male,35,Non Salaried,19-09-2002,04-01-2013,04-04-2013,5167128
GB00052575,43560,Male,38,Salaried,29-10-2010,10-07-2004,08-10-2004,26136
GB00052657,79530,Female,37,Salaried,11-04-2016,29-07-2018,27-10-2018,47718
GB00052814,71170,Male,36,Non Salaried,15-10-2017,19-02-2020,19-05-2020,42702
GB00052824,49010,Female,42,Salaried,08-12-2012,17-05-2021,15-08-2021,29406
GB00052899,15120,Male,48,Non Salaried,08-05-2000,30-04-2020,29-07-2020,9072
GB00052967,6290,Female,49,Non Salaried,09-06-2001,20-09-2003,19-12-2003,3774
GB00053093,2197390,Male,34,Salaried,26-06-2003,26-11-2005,24-02-2006,1318434
GB00053126,17020,Female,36,Non Salaried,22-02-2008,30-05-2010,28-08-2010,10212
GB00053146,32450,Male,51,Salaried,11-12-2011,07-05-2013,05-08-2013,19470
GB00053402,81060,Male,54,Salaried,26-02-2007,20-12-2015,19-03-2016,48636
GB00053680,1594570,Female,41,Non Salaried,19-03-2008,18-09-2010,17-12-2010,956742
GB00053703,20050,Male,44,Non Salaried,28-06-2010,02-05-2013,31-07-2013,12030
GB00053784,1023850,Male,59,Non Salaried,11-06-2001,27-02-2006,28-05-2006,614310
GB00053887,63820,Male,39,Non Salaried,30-01-2011,06-07-2012,04-10-2012,38292
GB00053911,63640,Female,36,Non Salaried,29-06-2014,19-01-2021,19-04-2021,38184
GB00053921,875920,Female,38,Salaried,14-02-2009,11-11-2020,09-02-2021,525552
GB00053937,4230770,Male,44,Non Salaried,05-12-2017,24-04-2019,23-07-2019,2538462
GB00053962,3568740,Female,49,Non Salaried,10-05-2002,07-07-2021,05-10-2021,2141244
GB00054001,96240,Male,45,Non Salaried,03-02-2012,01-11-2013,30-01-2014,57744
GB00054099,2882620,Female,35,Non Salaried,05-10-2016,07-04-2017,06-07-2017,1729572
GB00054109,53060,Male,40,Non Salaried,10-07-2005,08-11-2015,06-02-2016,31836
GB00054119,3197640,Male,48,Non Salaried,28-05-2005,01-03-2017,30-05-2017,1918584
GB00054162,3880,Male,52,Salaried,28-08-2005,11-06-2008,09-09-2008,2328
GB00054202,4096910,Male,49,Salaried,11-05-2001,08-07-2009,06-10-2009,2458146
GB00054430,48716820,Female,54,Non Salaried,13-01-2003,27-11-2019,25-02-2020,29230092
GB00054520,1195220,Male,43,Salaried,07-01-2012,17-01-2019,17-04-2019,717132
GB00054567,18800,Female,48,Salaried,25-06-2015,16-01-2016,15-04-2016,11280
GB00054615,4812920,Male,45,Non Salaried,19-03-2001,15-05-2017,13-08-2017,2887752
GB00054730,21310,Male,50,Non Salaried,18-08-2004,28-12-2007,27-03-2008,12786
GB00054949,62270,Male,52,Non Salaried,05-02-2012,24-03-2020,22-06-2020,37362
GB00055005,887460,Male,38,Salaried,19-02-2011,19-07-2013,17-10-2013,532476
GB00055033,5430800,Male,52,Non Salaried,18-10-2004,05-12-2013,05-03-2014,3258480
GB00055047,624790,Male,49,Non Salaried,13-12-2018,20-01-2020,19-04-2020,374874
GB00055146,45820,Female,45,Non Salaried,22-07-2001,26-01-2012,25-04-2012,27492
GB00055359,17390,Male,48,Non Salaried,18-10-2004,21-02-2007,22-05-2007,10434
GB00055395,17930,Male,39,Non Salaried,17-12-2007,27-09-2008,26-12-2008,10758
GB00055400,54100,Female,30,Salaried,29-04-2018,22-03-2021,20-06-2021,32460
GB00055436,2684680,Male,48,Salaried,26-02-2013,03-05-2021,01-08-2021,1610808
GB00055471,7720380,Male,31,Salaried,10-09-2017,11-05-2021,09-08-2021,4632228
GB00055548,2760,Male,52,Non Salaried,09-10-2014,17-05-2020,15-08-2020,1656
GB00055564,1680790,Male,56,Non Salaried,10-09-2000,23-09-2017,22-12-2017,1008474
GB00055658,11630,Female,48,Salaried,24-04-2002,22-02-2004,22-05-2004,6978
GB00055730,47230,Female,53,Salaried,20-04-2008,05-09-2021,04-12-2021,28338
GB00056053,49530,Male,42,Salaried,16-05-2007,22-08-2021,20-11-2021,29718
GB00056250,2974140,Male,51,Salaried,14-08-2008,15-03-2013,13-06-2013,1784484
GB00056313,13990,Female,45,Salaried,20-03-2012,07-09-2015,06-12-2015,8394
GB00056427,90530,Male,47,Salaried,16-12-2010,13-01-2019,13-04-2019,54318
GB00056590,62490,Male,48,Salaried,17-02-2000,08-04-2018,07-07-2018,37494
GB00056730,28270,Male,39,Non Salaried,10-06-2013,29-09-2017,28-12-2017,16962
GB00056734,58390,Female,47,Non Salaried,26-12-2009,19-12-2010,19-03-2011,35034
GB00056852,16809220,Female,49,Salaried,31-12-2002,22-08-2020,20-11-2020,10085532
GB00057126,2379150,Male,45,Non Salaried,08-02-2009,17-08-2019,15-11-2019,1427490
GB00057325,9853610,Male,45,Non Salaried,23-08-2007,19-11-2012,17-02-2013,5912166
GB00057363,7409960,Female,44,Salaried,04-07-2010,10-12-2019,09-03-2020,4445976
GB00057927,2010,Male,52,Salaried,07-08-2007,26-08-2019,24-11-2019,1206
GB00058049,4562580,Female,51,Non Salaried,15-02-2004,11-07-2012,09-10-2012,2737548
GB00058085,8516710,Female,45,Salaried,28-05-2017,18-06-2019,16-09-2019,5110026
GB00058118,69580,Male,39,Salaried,20-01-2005,07-05-2021,05-08-2021,41748
GB00058256,22760,Female,31,Salaried,09-12-2002,25-12-2009,25-03-2010,13656
GB00058658,49510,Female,29,Salaried,08-11-2009,16-02-2016,16-05-2016,29706
GB00058663,80500,Male,36,Salaried,29-10-2009,04-02-2017,05-05-2017,48300
GB00058669,5649670,Male,51,Non Salaried,18-05-2017,03-08-2018,01-11-2018,3389802
GB00058694,44390,Female,46,Non Salaried,26-10-2017,08-05-2019,06-08-2019,26634
GB00058899,18580,Female,47,Salaried,30-10-2016,29-11-2019,27-02-2020,11148
GB00059061,3853410,Male,38,Salaried,19-11-2008,18-04-2019,17-07-2019,2312046
GB00059172,6813990,Male,29,Salaried,23-06-2017,20-08-2020,18-11-2020,4088394
GB00059569,2077250,Female,50,Salaried,26-03-2019,07-06-2020,05-09-2020,1246350
GB00059714,4952480,Female,42,Salaried,23-06-2018,18-08-2020,16-11-2020,2971488
GB00059782,720090,Male,49,Non Salaried,19-11-2008,12-06-2010,10-09-2010,432054
GB00060257,36743100,Male,29,Salaried,14-02-2018,05-10-2020,03-01-2021,22045860
GB00060296,3834220,Female,39,Non Salaried,22-12-2014,01-10-2020,30-12-2020,2300532
GB00060301,12810,Female,39,Non Salaried,20-01-2017,18-10-2020,16-01-2021,7686
GB00060381,24816800,Female,31,Salaried,24-12-2016,04-05-2019,02-08-2019,14890080
GB00060643,37804110,Female,48,Salaried,24-04-2017,03-11-2020,01-02-2021,22682466
GB00060716,92780,Female,48,Salaried,01-11-2009,28-05-2012,26-08-2012,55668
GB00060829,1803560,Female,43,Non Salaried,08-03-2016,04-05-2021,02-08-2021,1082136
GB00060985,1080690,Female,35,Non Salaried,06-07-2014,15-07-2021,13-10-2021,648414
GB00061541,9617800,Male,30,Salaried,20-04-2012,12-03-2019,10-06-2019,5770680
GB00061744,8552960,Female,44,Non Salaried,17-12-2013,18-07-2018,16-10-2018,5131776
GB00061746,32390,Male,53,Salaried,04-08-2018,24-07-2019,22-10-2019,19434
GB00061807,6491270,Male,46,Salaried,01-07-2012,30-12-2018,30-03-2019,3894762
GB00061862,43879280,Male,47,Salaried,27-03-2002,08-09-2016,07-12-2016,26327568
GB00061882,2482960,Male,37,Non Salaried,02-09-2001,07-10-2005,05-01-2006,1489776
GB00062693,92720,Female,52,Salaried,05-02-2000,07-08-2006,05-11-2006,55632
GB00062740,6822680,Male,50,Salaried,13-08-2007,29-01-2007,29-04-2007,4093608
GB00062856,75880,Female,53,Salaried,21-04-2008,28-02-2010,29-05-2010,45528
GB00062858,36480,Female,38,Non Salaried,25-09-2013,24-06-2017,22-09-2017,21888
GB00062886,1705740,Male,28,Salaried,13-08-2019,11-02-2021,12-05-2021,1023444
GB00062896,15580,Male,33,Salaried,03-03-2015,25-01-2018,25-04-2018,9348
GB00063156,42760590,Male,54,Non Salaried,13-11-2008,10-07-2018,08-10-2018,25656354
GB00063350,22730,Female,31,Non Salaried,24-11-2018,11-07-2019,09-10-2019,13638
GB00063456,3033450,Female,43,Non Salaried,09-11-2006,10-09-2011,09-12-2011,1820070
GB00063604,77970,Female,45,Non Salaried,12-11-2002,18-11-2010,16-02-2011,46782
GB00063668,19990,Male,37,Salaried,02-08-2016,14-02-2018,15-05-2018,11994
GB00063669,2208600,Female,44,Salaried,04-04-2002,01-02-2017,02-05-2017,1325160
GB00063723,4534270,Female,46,Non Salaried,04-01-2000,02-02-2008,02-05-2008,2720562
GB00063770,2225140,Male,36,Salaried,06-07-2013,23-01-2018,23-04-2018,1335084
GB00063774,42350,Male,31,Non Salaried,22-02-2000,20-06-2016,18-09-2016,25410
GB00063930,14540,Female,49,Non Salaried,30-07-2005,19-10-2020,17-01-2021,8724
GB00064036,34090,Female,41,Non Salaried,17-11-2015,14-07-2018,12-10-2018,20454
GB00064160,97170,Male,36,Non Salaried,03-08-2013,10-01-2017,10-04-2017,58302
GB00064295,10652630,Female,34,Salaried,11-04-2016,20-03-2021,18-06-2021,6391578
GB00064372,13690,Female,44,Non Salaried,29-01-2016,16-11-2020,14-02-2021,8214
GB00064453,1989210,Female,42,Non Salaried,18-11-2009,23-05-2017,21-08-2017,1193526
GB00064515,13220,Female,36,Non Salaried,01-02-2014,27-03-2016,25-06-2016,7932
GB00064678,44330,Male,32,Salaried,27-09-2012,20-02-2018,21-05-2018,26598
GB00064736,68420,Male,50,Non Salaried,25-09-2011,09-04-2016,08-07-2016,41052
GB00064764,5470310,Female,41,Non Salaried,02-11-2012,18-11-2015,16-02-2016,3282186
GB00064836,2408200,Male,49,Salaried,18-12-2014,20-05-2016,18-08-2016,1444920
GB00064862,23050,Male,52,Salaried,03-06-2018,30-10-2019,28-01-2020,13830
GB00065386,15470,Male,30,Salaried,30-11-2017,14-02-2020,14-05-2020,9282
GB00065465,38830,Male,41,Salaried,10-01-2007,27-02-2009,28-05-2009,23298
GB00065484,2750,Female,38,Salaried,09-07-2012,05-09-2013,04-12-2013,1650
GB00065524,1350340,Male,39,Non Salaried,18-09-2009,03-01-2021,03-04-2021,810204
GB00065770,5892420,Female,47,Non Salaried,24-11-2007,01-12-2012,01-03-2013,3535452
GB00065866,2950500,Female,52,Salaried,02-04-2011,07-04-2021,06-07-2021,1770300
GB00065866,8122030,Male,45,Salaried,14-08-2004,23-11-2018,21-02-2019,4873218
GB00066032,5309900,Male,38,Non Salaried,14-10-2013,11-12-2015,10-03-2016,3185940
GB00066039,69210,Male,50,Salaried,03-11-2017,24-08-2020,22-11-2020,41526
GB00066229,44470,Male,48,Non Salaried,14-08-2015,18-11-2018,16-02-2019,26682
GB00066424,7181050,Female,47,Non Salaried,03-01-2003,07-11-2003,05-02-2004,4308630
GB00066535,6352180,Male,46,Non Salaried,12-05-2005,21-10-2018,19-01-2019,3811308
GB00066547,3087620,Female,36,Salaried,11-03-2016,01-04-2020,30-06-2020,1852572
GB00066570,650,Male,45,Non Salaried,16-12-2017,10-12-2020,10-03-2021,390
GB00066786,1166820,Female,52,Salaried,26-12-2017,10-05-2019,08-08-2019,700092
GB00066880,14980,Male,53,Non Salaried,25-02-2004,03-06-2006,01-09-2006,8988
GB00066907,9840,Female,46,Salaried,13-09-2005,18-08-2006,16-11-2006,5904
GB00066944,56110,Male,48,Salaried,29-04-2014,16-12-2020,16-03-2021,33666
GB00066965,1746570,Male,53,Non Salaried,29-03-2003,25-09-2017,24-12-2017,1047942
GB00066975,9278040,Male,49,Non Salaried,12-04-2004,28-10-2008,26-01-2009,5566824
GB00067000,67100,Female,48,Non Salaried,29-01-2001,25-08-2007,23-11-2007,40260
GB00067084,44380,Female,45,Non Salaried,28-05-2016,08-05-2019,06-08-2019,26628
GB00067449,4934980,Male,39,Salaried,18-07-2017,17-08-2019,15-11-2019,2960988
GB00067501,2949230,Male,41,Salaried,19-07-2017,24-06-2020,22-09-2020,1769538
GB00067560,16230,Female,31,Non Salaried,18-10-2017,28-06-2021,26-09-2021,9738
GB00067643,83490,Female,37,Non Salaried,08-09-2019,24-06-2021,22-09-2021,50094
GB00067871,31890,Male,52,Non Salaried,19-05-2014,14-05-2020,12-08-2020,19134
GB00068113,3558390,Female,39,Non Salaried,07-01-2012,27-06-2018,25-09-2018,2135034
GB00068418,24520,Female,33,Non Salaried,20-08-2016,07-09-2017,06-12-2017,14712
GB00068465,5326120,Female,47,Salaried,28-08-2001,28-10-2011,26-01-2012,3195672
GB00068528,17190,Male,39,Non Salaried,01-03-2017,25-01-2021,25-04-2021,10314
GB00068970,77450,Male,45,Salaried,09-11-2008,26-11-2017,24-02-2018,46470
GB00069234,9090,Male,47,Non Salaried,17-01-2014,20-08-2012,18-11-2012,5454
GB00069564,61680,Female,47,Salaried,20-03-2013,25-02-2018,26-05-2018,37008
GB00069625,18800,Female,48,Non Salaried,19-07-2002,10-03-2015,08-06-2015,11280
GB00069633,15020,Male,52,Non Salaried,26-08-2011,18-04-2008,17-07-2008,9012
GB00069637,15030,Male,52,Non Salaried,31-12-2003,08-11-2014,06-02-2015,9018
GB00069678,2799610,Female,53,Non Salaried,19-01-2002,20-12-2005,20-03-2006,1679766
GB00069769,4166270,Male,42,Non Salaried,10-09-2015,11-10-2018,09-01-2019,2499762
GB00069917,4650,Male,46,Salaried,21-07-2004,11-06-2018,09-09-2018,2790
GB00069989,88030,Male,38,Salaried,05-10-2010,09-10-2020,07-01-2021,52818
GB00070088,30290,Male,29,Salaried,11-02-2019,02-04-2021,01-07-2021,18174
GB00070233,23790,Male,53,Non Salaried,19-12-2005,02-11-2020,31-01-2021,14274
GB00070664,3652730,Female,57,Non Salaried,01-08-2003,13-04-2007,12-07-2007,2191638
GB00070688,65140,Female,47,Salaried,06-01-2012,02-03-2019,31-05-2019,39084
GB00070801,79660,Male,46,Non Salaried,24-10-2001,29-07-2013,27-10-2013,47796
GB00070804,11590,Male,36,Salaried,12-06-2014,12-01-2016,11-04-2016,6954
GB00070815,2855780,Male,42,Non Salaried,18-03-2013,10-08-2017,08-11-2017,1713468
GB00070892,7079880,Male,39,Salaried,10-11-2004,06-07-2015,04-10-2015,4247928
GB00071026,24531430,Male,39,Salaried,12-09-2008,04-12-2011,03-03-2012,14718858
GB00071028,435680,Female,52,Salaried,30-01-2009,14-04-2014,13-07-2014,261408
GB00071103,17170,Female,28,Non Salaried,26-10-2019,20-04-2021,19-07-2021,10302
GB00071143,5075450,Female,35,Non Salaried,19-01-2017,14-12-2020,14-03-2021,3045270
GB00071162,19670,Female,50,Non Salaried,17-10-2018,24-11-2020,22-02-2021,11802
GB00071223,8497690,Male,37,Non Salaried,04-03-2007,27-08-2012,25-11-2012,5098614
GB00071375,95200,Male,31,Non Salaried,24-09-2005,26-07-2008,24-10-2008,57120
GB00071384,607440,Female,47,Salaried,11-11-2006,01-05-2010,30-07-2010,364464
GB00071480,3630,Female,27,Salaried,19-08-2010,29-04-2009,28-07-2009,2178
GB00071528,2625200,Male,32,Salaried,04-06-2003,14-05-2017,12-08-2017,1575120
GB00071801,1002570,Male,27,Salaried,06-10-2011,15-12-2006,15-03-2007,601542
GB00071961,1151520,Female,29,Salaried,30-06-2015,23-01-2014,23-04-2014,690912
GB00071976,6598070,Female,42,Salaried,14-06-2003,18-08-2017,16-11-2017,3958842
GB00072044,105110,Male,48,Salaried,26-09-2018,02-08-2020,31-10-2020,63066
GB00072068,73250,Male,47,Non Salaried,22-01-2013,02-07-2020,30-09-2020,43950
GB00072224,2360580,Male,45,Salaried,08-07-2005,30-07-2017,28-10-2017,1416348
GB00072325,3450,Female,51,Salaried,11-11-2012,16-08-2019,14-11-2019,2070
GB00072399,93290,Male,31,Non Salaried,02-02-2017,11-09-2018,10-12-2018,55974
GB00072463,4939180,Male,46,Non Salaried,28-12-2015,27-02-2020,27-05-2020,2963508
GB00072762,25880,Female,33,Salaried,26-03-2016,22-12-2018,22-03-2019,15528
GB00072839,66740,Male,36,Salaried,16-09-2013,28-06-2017,26-09-2017,40044
GB00072871,1583650,Female,38,Salaried,18-06-2014,13-01-2017,13-04-2017,950190
GB00072965,854120,Female,44,Non Salaried,17-12-2015,12-07-2020,10-10-2020,512472
GB00072977,5565610,Male,47,Salaried,21-03-2011,11-12-2016,11-03-2017,3339366
GB00073130,9020070,Female,39,Salaried,30-10-2006,25-11-2015,23-02-2016,5412042
GB00073154,780370,Female,49,Salaried,13-01-2003,01-05-2012,30-07-2012,468222
GB00073164,3915990,Male,48,Non Salaried,03-10-2008,12-03-2009,10-06-2009,2349594
GB00073228,4760,Male,55,Salaried,31-12-2003,25-02-2010,26-05-2010,2856
GB00073368,64150,Female,44,Salaried,17-03-2006,30-10-2009,28-01-2010,38490
GB00073542,49023220,Male,51,Salaried,14-09-2001,01-03-2009,30-05-2009,29413932
GB00073616,2925460,Male,27,Salaried,10-08-2013,13-10-2017,11-01-2018,1755276
GB00073884,1760,Male,35,Non Salaried,03-08-2015,11-01-2019,11-04-2019,1056
GB00073892,56300,Male,38,Salaried,13-02-2011,17-08-2018,15-11-2018,33780
GB00073932,7870,Female,34,Salaried,29-04-2013,04-03-2021,02-06-2021,4722
GB00074311,5520930,Female,37,Salaried,22-07-2000,06-08-2017,04-11-2017,3312558
GB00074322,28910,Female,52,Salaried,23-02-2004,02-05-2007,31-07-2007,17346
GB00074411,32190,Female,54,Salaried,23-11-2010,26-07-2012,24-10-2012,19314
GB00074469,346270,Female,25,Salaried,07-05-2013,11-05-2020,09-08-2020,207762
GB00074815,16260,Female,53,Salaried,11-11-2011,09-08-2015,07-11-2015,9756
GB00075319,6394350,Male,51,Non Salaried,15-06-2011,07-07-2018,05-10-2018,3836610
GB00075362,8400,Female,46,Salaried,15-05-2013,15-12-2016,15-03-2017,5040
GB00075395,4323200,Male,40,Salaried,15-03-2017,18-02-2020,18-05-2020,2593920
GB00075400,5615840,Male,40,Non Salaried,03-04-2003,09-10-2020,07-01-2021,3369504
GB00075769,71990,Male,37,Salaried,29-08-2006,13-12-2013,13-03-2014,43194
GB00075940,8527370,Male,27,Non Salaried,02-09-2011,29-07-2018,27-10-2018,5116422
GB00076061,85710,Male,38,Salaried,26-08-2007,27-09-2010,26-12-2010,51426
GB00076344,32900,Male,43,Salaried,27-06-2017,21-01-2019,21-04-2019,19740
GB00076353,644190,Male,47,Non Salaried,27-06-2002,30-06-2018,28-09-2018,386514
GB00076366,133350,Male,47,Salaried,09-10-2004,13-12-2007,12-03-2008,80010
GB00076378,79890,Male,39,Salaried,14-02-2010,23-10-2015,21-01-2016,47934
GB00076497,86860,Male,49,Non Salaried,10-02-2011,08-04-2014,07-07-2014,52116
GB00076597,3959340,Male,33,Non Salaried,22-04-2017,26-11-2020,24-02-2021,2375604
GB00076644,43750,Male,35,Non Salaried,06-12-2012,26-01-2020,25-04-2020,26250
GB00076709,1493950,Male,49,Non Salaried,21-09-2000,26-12-2014,26-03-2015,896370
GB00076715,12280,Male,39,Salaried,17-06-2019,14-01-2021,14-04-2021,7368
GB00076944,794690,Female,38,Non Salaried,14-07-2008,10-06-2020,08-09-2020,476814
GB00076964,5460,Male,50,Salaried,05-05-2003,06-08-2020,04-11-2020,3276
GB00076982,34370,Female,52,Non Salaried,21-07-2001,13-02-2007,14-05-2007,20622
GB00077301,42880,Male,38,Salaried,26-05-2017,01-04-2020,30-06-2020,25728
GB00077352,31140,Male,46,Salaried,06-12-2017,25-01-2021,25-04-2021,18684
GB00077369,259120,Male,51,Non Salaried,14-12-2000,30-05-2019,28-08-2019,155472
GB00077434,19780,Male,49,Non Salaried,03-08-2004,23-11-2011,21-02-2012,11868
GB00077621,6169810,Female,47,Salaried,30-05-2012,28-06-2017,26-09-2017,3701886
GB00077631,7360,Female,42,Non Salaried,01-05-2016,07-08-2021,05-11-2021,4416
GB00078015,25650,Male,47,Non Salaried,21-03-2017,15-06-2019,13-09-2019,15390
GB00078063,891380,Female,49,Salaried,23-01-2009,30-12-2020,30-03-2021,534828
GB00078110,8427000,Male,45,Salaried,26-03-2016,19-10-2018,17-01-2019,5056200
GB00078176,2480,Male,38,Salaried,28-12-2011,09-07-2019,07-10-2019,1488
GB00078437,49924990,Male,52,Salaried,18-11-2013,02-10-2016,31-12-2016,29954994
GB00078459,6637180,Male,31,Salaried,06-09-2016,20-02-2019,21-05-2019,3982308
GB00078596,4112050,Male,37,Non Salaried,25-08-2007,27-07-2018,25-10-2018,2467230
GB00078599,5960,Male,52,Non Salaried,23-04-2012,30-05-2020,28-08-2020,3576
GB00078613,1710480,Female,39,Salaried,25-01-2012,07-07-2017,05-10-2017,1026288
GB00078925,73750,Female,46,Salaried,28-11-2012,10-03-2015,08-06-2015,44250
GB00079034,24250,Female,44,Salaried,16-01-2015,24-06-2019,22-09-2019,14550
GB00079040,62150,Male,48,Salaried,04-10-2004,10-03-2009,08-06-2009,37290
GB00079369,28900,Female,48,Salaried,27-09-2010,05-02-2014,06-05-2014,17340
GB00079388,79450,Male,42,Salaried,21-03-2017,10-11-2019,08-02-2020,47670
GB00079438,3762690,Female,53,Salaried,08-05-2015,09-06-2019,07-09-2019,2257614
GB00079574,35960,Male,38,Salaried,25-03-2011,07-04-2013,06-07-2013,21576
GB00079696,4373490,Female,44,Non Salaried,09-09-2008,23-03-2017,21-06-2017,2624094
GB00079710,61250,Male,48,Non Salaried,19-07-2015,31-07-2020,29-10-2020,36750
GB00079756,72530,Female,43,Non Salaried,03-08-2011,08-02-2017,09-05-2017,43518
GB00079804,2762530,Female,54,Non Salaried,28-05-2006,06-09-2009,05-12-2009,1657518
GB00079818,4294890,Male,46,Non Salaried,03-07-2016,28-09-2017,27-12-2017,2576934
GB00079907,12830,Male,49,Non Salaried,10-02-2002,14-01-2003,14-04-2003,7698
GB00080021,18750,Male,54,Salaried,13-03-2004,26-11-2010,24-02-2011,11250
GB00080021,8482110,Female,47,Non Salaried,22-05-2009,07-11-2015,05-02-2016,5089266
GB00080029,75000,Male,38,Non Salaried,21-11-2016,27-11-2017,25-02-2018,45000
GB00080029,7276330,Male,48,Salaried,07-10-2009,08-08-2019,06-11-2019,4365798
GB00080064,20479520,Male,46,Salaried,25-05-2004,28-01-2017,28-04-2017,12287712
GB00080119,3303390,Female,48,Non Salaried,16-07-2006,17-08-2011,15-11-2011,1982034
GB00080126,9130,Female,52,Non Salaried,29-07-2008,15-04-2012,14-07-2012,5478
GB00080135,8410,Female,47,Non Salaried,23-03-2005,19-06-2010,17-09-2010,5046
GB00080195,55140,Male,42,Salaried,19-03-2004,31-05-2009,29-08-2009,33084
GB00080447,47030,Male,41,Non Salaried,17-01-2010,17-04-2011,16-07-2011,28218
GB00080501,915810,Male,49,Salaried,21-11-2007,13-12-2011,12-03-2012,549486
GB00080632,17330,Male,39,Salaried,29-11-2014,14-11-2020,12-02-2021,10398
GB00080897,66000,Male,39,Salaried,16-06-2007,03-11-2015,01-02-2016,39600
GB00080960,4280810,Male,42,Salaried,19-04-2010,01-05-2015,30-07-2015,2568486
GB00080964,15220,Male,48,Salaried,24-08-2012,24-12-2016,24-03-2017,9132
GB00081011,11250,Male,43,Salaried,03-07-2009,18-06-2013,16-09-2013,6750
GB00081076,16840,Male,39,Non Salaried,08-09-2013,24-11-2015,22-02-2016,10104
GB00081226,51700,Female,39,Non Salaried,19-08-2014,04-07-2016,02-10-2016,31020
GB00081290,99830,Female,37,Non Salaried,11-01-2018,26-12-2018,26-03-2019,59898
GB00081397,55260,Female,40,Salaried,14-05-2016,31-01-2020,30-04-2020,33156
GB00081400,3702920,Female,38,Salaried,19-09-2011,10-03-2020,08-06-2020,2221752
GB00081454,2859900,Female,39,Non Salaried,17-04-2017,25-05-2019,23-08-2019,1715940
GB00081472,5587040,Male,46,Non Salaried,05-11-2012,31-05-2014,29-08-2014,3352224
GB00081812,59530,Male,48,Non Salaried,19-11-2006,06-07-2008,04-10-2008,35718
GB00081830,267690,Female,54,Salaried,24-03-2005,13-03-2008,11-06-2008,160614
GB00081933,4552040,Female,44,Non Salaried,03-04-2012,19-01-2013,19-04-2013,2731224
GB00082199,3391660,Male,47,Salaried,23-08-2005,15-10-2007,13-01-2008,2034996
GB00082308,11019710,Male,54,Salaried,17-04-2008,26-09-2011,25-12-2011,6611826
GB00082363,3794810,Male,49,Non Salaried,17-07-2000,28-12-2011,27-03-2012,2276886
GB00082865,1717330,Male,45,Non Salaried,27-10-2002,08-05-2020,06-08-2020,1030398
GB00083044,45044510,Female,41,Non Salaried,27-03-2011,19-02-2019,20-05-2019,27026706
GB00083123,43794410,Female,39,Non Salaried,02-11-2009,20-05-2012,18-08-2012,26276646
GB00083128,283180,Female,50,Salaried,09-04-2011,06-12-2013,06-03-2014,169908
GB00083134,4142370,Female,41,Non Salaried,07-03-2012,13-09-2016,12-12-2016,2485422
GB00083199,33560,Female,51,Non Salaried,09-12-2013,09-07-2017,07-10-2017,20136
GB00083278,47430,Female,46,Salaried,13-12-2008,03-01-2013,03-04-2013,28458
GB00083395,8270,Female,43,Salaried,21-04-2007,05-08-2010,03-11-2010,4962
GB00083467,60040,Male,42,Non Salaried,24-01-2016,19-04-2020,18-07-2020,36024
GB00083473,13610,Female,34,Salaried,23-04-2015,07-06-2019,05-09-2019,8166
GB00083656,2195440,Female,39,Non Salaried,28-10-2008,03-12-2011,02-03-2012,1317264
GB00083804,2232970,Male,53,Non Salaried,30-09-2016,30-11-2019,28-02-2020,1339782
GB00083828,17730,Female,39,Salaried,03-12-2012,14-10-2017,12-01-2018,10638
GB00083848,12830,Female,38,Salaried,16-05-2011,27-09-2016,26-12-2016,7698
GB00083929,7380,Female,43,Non Salaried,25-10-2006,03-08-2013,01-11-2013,4428
GB00084174,90160,Female,46,Non Salaried,03-02-2013,26-05-2017,24-08-2017,54096
GB00084259,86160,Female,44,Non Salaried,09-09-2007,14-11-2016,12-02-2017,51696
GB00084321,3587820,Male,42,Non Salaried,19-01-2010,21-01-2011,21-04-2011,2152692
GB00084711,4527590,Male,45,Salaried,17-04-2013,30-09-2016,29-12-2016,2716554
GB00084781,40405720,Female,52,Non Salaried,10-08-2016,01-07-2019,29-09-2019,24243432
GB00084889,77900,Female,49,Non Salaried,09-12-2003,28-03-2009,26-06-2009,46740
GB00084936,5366810,Male,43,Salaried,28-11-2009,20-08-2017,18-11-2017,3220086
GB00084984,10560,Female,39,Salaried,13-10-2010,12-12-2012,12-03-2013,6336
GB00085122,2041140,Male,54,Salaried,06-03-2003,17-09-2017,16-12-2017,1224684
GB00085126,66360,Male,49,Salaried,26-02-2001,20-03-2006,18-06-2006,39816
GB00085297,10640,Male,38,Salaried,17-04-2012,05-04-2020,04-07-2020,6384
GB00085307,1905950,Male,28,Non Salaried,21-02-2019,10-03-2020,08-06-2020,1143570
GB00085438,8795130,Male,29,Salaried,06-03-2018,27-12-2019,26-03-2020,5277078
GB00085453,1478410,Male,48,Non Salaried,24-06-2003,02-02-2014,03-05-2014,887046
GB00085470,1000750,Male,37,Salaried,09-06-2013,03-07-2017,01-10-2017,600450
GB00085643,15670,Female,50,Non Salaried,30-01-2016,12-08-2017,10-11-2017,9402
GB00085718,40560,Male,48,Non Salaried,29-06-2009,09-03-2020,07-06-2020,24336
GB00085735,2126630,Female,51,Salaried,15-11-2009,11-09-2012,10-12-2012,1275978
GB00085788,56440,Female,52,Salaried,13-11-2015,12-05-2018,10-08-2018,33864
GB00085996,48820,Male,33,Salaried,14-02-2015,02-11-2017,31-01-2018,29292
GB00086003,1007320,Male,34,Salaried,06-12-2015,28-02-2018,29-05-2018,604392
GB00086051,15540,Female,38,Salaried,14-06-2010,14-03-2020,12-06-2020,9324
GB00086103,46340,Male,42,Salaried,09-01-2008,07-06-2010,05-09-2010,27804
GB00086267,3944550,Male,38,Non Salaried,01-07-2011,01-06-2012,30-08-2012,2366730
GB00086320,86340,Female,46,Salaried,05-07-2001,08-09-2005,07-12-2005,51804
GB00086500,4903770,Female,41,Salaried,01-02-2006,04-02-2008,04-05-2008,2942262
GB00086524,3243990,Female,28,Salaried,14-04-2006,06-11-2008,04-02-2009,1946394
GB00086553,33217420,Male,51,Salaried,06-01-2008,03-02-2018,04-05-2018,19930452
GB00086617,7301960,Female,38,Salaried,02-07-2010,01-09-2014,30-11-2014,4381176
GB00086732,38780,Male,30,Salaried,13-08-2017,17-07-2020,15-10-2020,23268
GB00087008,35230,Female,39,Non Salaried,19-03-2013,30-11-2020,28-02-2021,21138
GB00087148,2774120,Female,50,Salaried,03-12-2008,28-11-2016,26-02-2017,1664472
GB00087214,4265570,Male,46,Non Salaried,03-03-2008,16-02-2012,16-05-2012,2559342
GB00087221,2109430,Female,50,Salaried,22-07-2003,06-04-2013,05-07-2013,1265658
GB00087231,1323320,Female,44,Non Salaried,14-10-2002,18-10-2009,16-01-2010,793992
GB00087376,5089480,Male,42,Non Salaried,06-10-2007,28-09-2015,27-12-2015,3053688
GB00087442,1559280,Female,43,Salaried,13-10-2010,08-03-2013,06-06-2013,935568
GB00087449,3017360,Male,53,Non Salaried,21-05-2003,28-10-2011,26-01-2012,1810416
GB00087537,10090,Male,31,Non Salaried,11-10-2016,26-11-2017,24-02-2018,6054
GB00087578,15720,Female,33,Salaried,24-04-2017,20-09-2020,19-12-2020,9432
GB00087591,18710,Male,29,Salaried,16-09-2018,17-05-2020,15-08-2020,11226
GB00087823,94550,Male,35,Non Salaried,02-06-2019,03-06-2021,01-09-2021,56730
GB00087833,36966150,Male,37,Non Salaried,01-01-2011,07-05-2014,05-08-2014,22179690
GB00088152,4436650,Female,48,Non Salaried,07-10-2011,22-09-2012,21-12-2012,2661990
GB00088321,1133450,Male,50,Salaried,14-03-2013,31-03-2015,29-06-2015,680070
GB00088479,4224310,Male,41,Non Salaried,21-05-2003,04-08-2011,02-11-2011,2534586
GB00088529,2139620,Female,45,Salaried,11-11-2004,03-06-2010,01-09-2010,1283772
GB00088536,29730,Female,45,Salaried,17-02-2011,05-09-2020,04-12-2020,17838
GB00088670,10510,Female,45,Non Salaried,26-04-2013,24-10-2015,22-01-2016,6306
GB00088671,8478690,Female,31,Salaried,24-02-2002,30-04-2018,29-07-2018,5087214
GB00088763,2770,Female,54,Salaried,25-10-2006,05-03-2006,03-06-2006,1662
GB00089007,2140,Female,45,Salaried,07-03-2006,17-12-2013,17-03-2014,1284
GB00089125,14791950,Male,42,Non Salaried,21-04-2006,11-12-2010,11-03-2011,8875170
GB00089144,1262170,Male,40,Non Salaried,12-04-2010,07-03-2019,05-06-2019,757302
GB00089236,6894720,Female,43,Non Salaried,09-09-2005,01-06-2012,30-08-2012,4136832
GB00089289,52130,Male,47,Salaried,25-07-2008,06-02-2021,07-05-2021,31278
GB00089349,9674770,Female,26,Non Salaried,05-01-2006,28-03-2020,26-06-2020,5804862
GB00089378,5144470,Male,37,Salaried,16-10-2009,28-10-2019,26-01-2020,3086682
GB00089398,10590,Male,43,Salaried,20-12-2006,09-07-2013,07-10-2013,6354
GB00089405,3611740,Male,57,Non Salaried,10-02-2000,12-06-2008,10-09-2008,2167044
GB00089526,8399180,Female,42,Salaried,18-07-2004,15-10-2016,13-01-2017,5039508
GB00089548,91870,Male,52,Salaried,26-03-2000,30-10-2009,28-01-2010,55122
GB00089557,83660,Male,50,Non Salaried,02-11-2000,14-06-2002,12-09-2002,50196
GB00089788,10770,Male,47,Non Salaried,27-05-2004,05-01-2006,05-04-2006,6462
GB00089912,2492500,Male,43,Non Salaried,07-08-2004,21-07-2006,19-10-2006,1495500
GB00090080,75290,Male,43,Salaried,25-01-2006,29-01-2008,28-04-2008,45174
GB00090158,14100,Male,48,Salaried,24-03-2000,20-09-2005,19-12-2005,8460
GB00090186,10120,Female,52,Non Salaried,13-07-2003,23-12-2005,23-03-2006,6072
GB00090272,2901410,Male,49,Salaried,16-04-2002,23-04-2017,22-07-2017,1740846
GB00090417,8574160,Female,54,Non Salaried,29-06-2005,06-01-2017,06-04-2017,5144496
GB00090441,38360,Male,38,Salaried,11-09-2010,10-05-2018,08-08-2018,23016
GB00090667,820,Female,42,Salaried,12-02-2006,04-03-2012,02-06-2012,492
GB00090833,744240,Male,41,Non Salaried,11-12-2007,02-06-2009,31-08-2009,446544
GB00090859,7562790,Male,44,Non Salaried,26-09-2003,18-04-2012,17-07-2012,4537674
GB00091043,14060,Female,41,Salaried,19-01-2014,10-10-2016,08-01-2017,8436
GB00091076,61540,Female,43,Salaried,12-07-2006,08-02-2016,08-05-2016,36924
GB00091093,190550,Female,56,Salaried,20-02-2014,20-08-2020,18-11-2020,114330
GB00091207,34770,Male,47,Non Salaried,27-03-2013,09-06-2016,07-09-2016,20862
GB00091330,9276100,Male,50,Salaried,16-05-2007,10-07-2013,08-10-2013,5565660
GB00091554,5480,Female,40,Non Salaried,21-08-2007,09-04-2014,08-07-2014,3288
GB00091619,14980,Female,30,Salaried,19-09-2017,23-10-2020,21-01-2021,8988
GB00091700,3587540,Male,46,Non Salaried,25-04-2008,02-11-2020,31-01-2021,2152524
GB00091730,15240,Female,32,Salaried,07-09-2009,30-12-2012,30-03-2013,9144
GB00091785,2472820,Female,47,Non Salaried,01-06-2009,30-10-2016,28-01-2017,1483692
GB00091823,19150,Male,46,Salaried,11-02-2009,26-06-2010,24-09-2010,11490
GB00091873,13950,Male,47,Salaried,03-12-2006,07-09-2015,06-12-2015,8370
GB00091902,1358060,Male,39,Non Salaried,08-01-2008,15-07-2010,13-10-2010,814836
GB00092046,87450,Female,38,Salaried,18-03-2013,22-01-2021,22-04-2021,52470
GB00092090,6591900,Male,40,Salaried,09-10-2012,23-10-2017,21-01-2018,3955140
GB00092152,21970,Female,43,Salaried,14-12-2013,10-06-2018,08-09-2018,13182
GB00092231,9040,Male,40,Non Salaried,21-12-2004,04-12-2015,03-03-2016,5424
GB00092245,31580,Female,45,Non Salaried,05-01-2003,23-07-2010,21-10-2010,18948
GB00092260,7620,Female,38,Non Salaried,24-05-2010,29-04-2014,28-07-2014,4572
GB00092351,7910350,Male,42,Non Salaried,25-02-2012,18-02-2021,19-05-2021,4746210
GB00092462,4767660,Male,31,Salaried,26-06-2016,28-07-2017,26-10-2017,2860596
GB00092679,10440,Male,44,Non Salaried,19-08-2012,18-10-2013,16-01-2014,6264
GB00092707,43440,Female,37,Salaried,18-03-2009,29-07-2016,27-10-2016,26064
GB00092808,4673400,Female,47,Salaried,07-07-2014,03-11-2016,01-02-2017,2804040
GB00092994,1545410,Male,37,Non Salaried,12-10-2016,23-03-2018,21-06-2018,927246
GB00093123,14030,Female,41,Salaried,06-09-2014,19-01-2017,19-04-2017,8418
GB00093248,95720,Male,33,Salaried,11-02-2017,14-03-2019,12-06-2019,57432
GB00093297,11240,Female,43,Non Salaried,01-01-2007,12-03-2011,10-06-2011,6744
GB00093351,40910,Male,53,Salaried,12-01-2003,05-01-2012,04-04-2012,24546
GB00093409,7230190,Male,44,Non Salaried,10-12-2016,01-04-2019,30-06-2019,4338114
GB00093612,53300,Female,37,Salaried,08-03-2017,30-03-2019,28-06-2019,31980
GB00093763,14612380,Male,29,Non Salaried,03-01-2019,05-01-2021,05-04-2021,8767428
GB00093768,12645750,Male,53,Salaried,17-08-2003,06-05-2009,04-08-2009,7587450
GB00093887,4301850,Male,38,Salaried,14-05-2005,16-07-2009,14-10-2009,2581110
GB00093932,48164120,Female,40,Non Salaried,07-02-2011,05-11-2016,03-02-2017,28898472
GB00093958,16220,Male,49,Salaried,06-03-2000,16-02-2015,17-05-2015,9732
GB00093996,5366350,Female,49,Salaried,06-10-2001,28-08-2009,26-11-2009,3219810
GB00094055,7910,Female,38,Non Salaried,18-08-2012,26-10-2015,24-01-2016,4746
GB00094191,18550,Male,50,Salaried,25-05-2015,25-03-2020,23-06-2020,11130
GB00094336,6927290,Female,37,Non Salaried,09-11-2018,26-10-2020,24-01-2021,4156374
GB00094754,9048860,Male,36,Non Salaried,29-08-2018,01-07-2020,29-09-2020,5429316
GB00094902,20530,Male,43,Non Salaried,06-05-2010,03-06-2014,01-09-2014,12318
GB00094932,63690,Female,39,Salaried,23-05-2009,19-07-2013,17-10-2013,38214
GB00095022,59530,Male,31,Non Salaried,20-07-2016,02-04-2021,01-07-2021,35718
GB00095150,13060,Male,34,Non Salaried,12-07-2017,30-05-2020,28-08-2020,7836
GB00095195,7210,Female,48,Non Salaried,30-08-2009,23-11-2020,21-02-2021,4326
GB00095275,17970,Male,26,Non Salaried,05-04-2000,03-10-2014,01-01-2015,10782
GB00095366,6741370,Female,36,Salaried,11-05-2013,28-08-2017,26-11-2017,4044822
GB00095551,9687170,Male,47,Salaried,27-04-2016,11-12-2018,11-03-2019,5812302
GB00095741,838760,Male,47,Non Salaried,30-01-2003,19-10-2012,17-01-2013,503256
GB00096133,43311020,Female,36,Salaried,18-08-2012,09-04-2017,08-07-2017,25986612
GB00096411,1428470,Female,53,Non Salaried,12-09-2012,04-02-2015,05-05-2015,857082
GB00096666,77260,Male,53,Salaried,11-02-2014,14-05-2018,12-08-2018,46356
GB00096770,47760,Female,38,Salaried,21-01-2015,13-08-2016,11-11-2016,28656
GB00096917,53890,Male,43,Salaried,17-01-2000,13-06-2006,11-09-2006,32334
GB00096938,26350,Female,36,Non Salaried,23-06-2011,30-06-2013,28-09-2013,15810
GB00096941,9459450,Male,37,Salaried,23-09-2010,18-04-2012,17-07-2012,5675670
GB00096943,7136220,Female,35,Non Salaried,07-11-2018,20-04-2021,19-07-2021,4281732
GB00097017,4774660,Female,35,Salaried,11-09-2015,27-09-2020,26-12-2020,2864796
GB00097043,34240,Female,46,Salaried,01-11-2002,06-06-2012,04-09-2012,20544
GB00097168,5566750,Female,32,Salaried,17-04-2019,20-12-2020,20-03-2021,3340050
GB00097242,2256790,Female,35,Salaried,01-02-2016,17-10-2017,15-01-2018,1354074
GB00097468,1941690,Female,30,Salaried,20-04-2016,20-07-2018,18-10-2018,1165014
GB00097707,34470,Female,44,Non Salaried,18-05-2009,21-10-2012,19-01-2013,20682
GB00097887,4285850,Male,37,Non Salaried,31-08-2011,08-04-2013,07-07-2013,2571510
GB00098184,5860,Female,47,Non Salaried,03-06-2002,14-10-2014,12-01-2015,3516
GB00098208,1734210,Female,31,Salaried,23-10-2016,17-06-2019,15-09-2019,1040526
GB00098310,10920,Male,39,Salaried,21-04-2002,05-05-2020,03-08-2020,6552
GB00098570,1001670,Female,35,Salaried,10-09-2012,25-01-2017,25-04-2017,601002
GB00098638,6291480,Male,43,Salaried,26-05-2007,04-09-2019,03-12-2019,3774888
GB00098662,7537880,Male,37,Non Salaried,18-02-2018,04-02-2021,05-05-2021,4522728
GB00098711,14730,Male,30,Salaried,19-02-2017,26-08-2020,24-11-2020,8838
GB00098724,16720,Female,37,Salaried,22-06-2013,31-10-2020,29-01-2021,10032
GB00099372,95900,Female,39,Non Salaried,12-06-2010,12-06-2015,10-09-2015,57540
GB00099419,86410,Male,45,Salaried,09-03-2011,02-06-2013,31-08-2013,51846
GB00099422,632570,Male,38,Salaried,02-06-2015,10-07-2016,08-10-2016,379542
GB00099476,60720,Female,32,Salaried,05-07-2002,13-12-2018,13-03-2019,36432
GB00099609,32430,Male,37,Salaried,09-11-2012,15-05-2016,13-08-2016,19458
GB00099658,5020720,Female,32,Salaried,21-04-2005,12-01-2018,12-04-2018,3012432
GB00099898,17350,Male,47,Non Salaried,16-11-2019,20-09-2020,19-12-2020,10410
